titel;kuerzel;slug;url;untertitel;kategorien;spielart_geschaetzt
Abends, wenn die Ahnfrau geistert;;abends-wenn-die-ahnfrau-geistert;https://theaterverlag-arno-boas.de/stuecke/abends-wenn-die-ahnfrau-geistert;Spuk-Komödie;Komödie;Abendfüllend
Abgesägt!;;abgesagt;https://theaterverlag-arno-boas.de/stuecke/abgesagt;Öko-Komödie (Einakter);Komödie;Einakter
Abseits;e-63;e-63-abseits;https://theaterverlag-arno-boas.de/stuecke/e-63-abseits;Ein Stück aus dem Fußball-Leben einer Ehe mit umgekehrten Vorzeichen;Komödie;Abendfüllend
Abseits;;abseits;https://theaterverlag-arno-boas.de/stuecke/abseits;Komödie über die (verkehrte) Fußballwelt;Komödie;Abendfüllend
Achtung, Nikolaus;;achtung-nikolaus;https://theaterverlag-arno-boas.de/stuecke/achtung-nikolaus;Einakter von Christian Ziegler;Weihnachten;Einakter
Adlig sein ist ganz schön schwer;;adlig-sein-ist-ganz-schon-schwer;https://theaterverlag-arno-boas.de/stuecke/adlig-sein-ist-ganz-schon-schwer;Komödie (Einakter);Für Jugendliche, Märchen;Einakter
Agentur Weihnachtsengel;;agentur-weihnachtsengel;https://theaterverlag-arno-boas.de/stuecke/agentur-weihnachtsengel;Komödie (Sketch);Weihnachten;Sketch
Allen alles recht gemacht;;allen-alles-recht-gemacht;https://theaterverlag-arno-boas.de/stuecke/allen-alles-recht-gemacht;Einakter über eine verunglückte Geburtstagsfeten-Vorbereitung;Komödie;Einakter
Alles bloß Theater?;;alles-blos-theater;https://theaterverlag-arno-boas.de/stuecke/alles-blos-theater;Komödie ums Theater im Theater;Komödie, Tragikomödie;Abendfüllend
Allmächt;;allmacht;https://theaterverlag-arno-boas.de/stuecke/allmacht;Zeitkritische Komödie;Komödie;Abendfüllend
Allmächt – Episode II;;allmacht-episode-ii;https://theaterverlag-arno-boas.de/stuecke/allmacht-episode-ii;Zeitkritische Komödie;Komödie;Abendfüllend
Alte Hähne, kampferprobt;;alte-hahne-kampferprobt;https://theaterverlag-arno-boas.de/stuecke/alte-hahne-kampferprobt;Komödie für Senioren;Komödie, Für Senioren;Abendfüllend
Am Bahnschalter;;am-bahnschalter;https://theaterverlag-arno-boas.de/stuecke/am-bahnschalter;Komödie;Komödie;Abendfüllend
An einem Tag im März;;an-einem-tag-im-marz;https://theaterverlag-arno-boas.de/stuecke/an-einem-tag-im-marz;Drama nach einer wahren Begebenheit;Drama;Abendfüllend
Angies Ausflug;;angies-ausflug;https://theaterverlag-arno-boas.de/stuecke/angies-ausflug;Komödie (ca. 75 Minuten);Komödie, Für Jugendliche;Abendfüllend
App ins Märchenland;;app-ins-marchenland;https://theaterverlag-arno-boas.de/stuecke/app-ins-marchenland;Modernes Märchen;Für Jugendliche, Märchen;Abendfüllend
Aspirin & Bratkartoffeln;;aspirin-bratkartoffeln;https://theaterverlag-arno-boas.de/stuecke/aspirin-bratkartoffeln;Komödie;Komödie;Abendfüllend
Auch der Herbst hat schöne Tage;;auch-der-herbst-hat-schone-tage;https://theaterverlag-arno-boas.de/stuecke/auch-der-herbst-hat-schone-tage;Komödie (Einakter);Für Senioren;Einakter
Auch Drachen sind nur Menschen;;auch-drachen-sind-nur-menschen;https://theaterverlag-arno-boas.de/stuecke/auch-drachen-sind-nur-menschen;Modernes Märchen;Komödie, Märchen;Abendfüllend
Auf den letzten Drücker;;auf-den-letzten-drucker;https://theaterverlag-arno-boas.de/stuecke/auf-den-letzten-drucker;Einakter über eine missglückte Entführung;Drama;Einakter
Auf der Autobahn;;auf-der-autobahn;https://theaterverlag-arno-boas.de/stuecke/auf-der-autobahn;Komödie (Einakter);Komödie;Einakter
Auf der Schönheitsfarm;;auf-der-schonheitsfarm;https://theaterverlag-arno-boas.de/stuecke/auf-der-schonheitsfarm;Komödie;Komödie;Abendfüllend
Auf gute Feindschaft;;auf-gute-feindschaft;https://theaterverlag-arno-boas.de/stuecke/auf-gute-feindschaft;Komödie in drei Akten;Komödie;Abendfüllend
Aufs Herrchen kommt's an;;aufs-herrchen-kommts-an;https://theaterverlag-arno-boas.de/stuecke/aufs-herrchen-kommts-an;Komödie;Komödie;Abendfüllend
Aufs Kreuz gelegt;;aufs-kreuz-gelegt;https://theaterverlag-arno-boas.de/stuecke/aufs-kreuz-gelegt;Tragikomödie;Komödie, Drama, Tragikomödie;Abendfüllend
Aufstand im Olymp;;aufstand-im-olymp;https://theaterverlag-arno-boas.de/stuecke/aufstand-im-olymp;Göttliche Komödie;Komödie;Abendfüllend
Bauer sucht Sau;;bauer-sucht-sau;https://theaterverlag-arno-boas.de/stuecke/bauer-sucht-sau;Komödie (Einakter);Komödie;Einakter
Bei uns daham;;bei-uns-daham;https://theaterverlag-arno-boas.de/stuecke/bei-uns-daham;Komödie (Einakter);Komödie;Einakter
Beim Franko ist was los;;beim-franko-ist-was-los;https://theaterverlag-arno-boas.de/stuecke/beim-franko-ist-was-los;Komödie;Komödie;Abendfüllend
Bescherung ohne Geschenk;;bescherung-ohne-geschenk;https://theaterverlag-arno-boas.de/stuecke/bescherung-ohne-geschenk;Komödie (Sketch);Komödie, Weihnachten;Sketch
Bier, Bits und ein Baby;;bier-bits-und-ein-baby;https://theaterverlag-arno-boas.de/stuecke/bier-bits-und-ein-baby;Komödie;Komödie;Abendfüllend
Bis dass der Tod uns scheidet;;bis-dass-der-tod-uns-scheidet;https://theaterverlag-arno-boas.de/stuecke/bis-dass-der-tod-uns-scheidet;Tragikomödie;Komödie, Tragikomödie;Abendfüllend
Bürger Franz;;buerger-franz;https://theaterverlag-arno-boas.de/stuecke/buerger-franz;Komödie über einen Spießbürger par excellence;Komödie;Abendfüllend
Chaos auf dem Bauernhof;;chaos-auf-dem-bauernhof;https://theaterverlag-arno-boas.de/stuecke/chaos-auf-dem-bauernhof;Ländliches Lustspiel;Komödie;Abendfüllend
Das Beziehungsprinzip;;das-beziehungsprinzip;https://theaterverlag-arno-boas.de/stuecke/das-beziehungsprinzip;Komödie über das, was Beziehungen auch sein können;Komödie;Abendfüllend
Das bisschen Haushalt;;das-bisschen-haushalt;https://theaterverlag-arno-boas.de/stuecke/das-bisschen-haushalt;Komödie (Einakter);Komödie;Einakter
Das Bruderherz;;das-bruderherz;https://theaterverlag-arno-boas.de/stuecke/das-bruderherz;Lustspiel;Komödie;Abendfüllend
Das Eigentor;;das-eigentor;https://theaterverlag-arno-boas.de/stuecke/das-eigentor;Sportliches Lustspiel;Komödie;Abendfüllend
Das Familienfest;;das-familienfest;https://theaterverlag-arno-boas.de/stuecke/das-familienfest;Komödie (Sketch);Weihnachten;Sketch
Das Geburtstagsgeschenk;;das-geburtstagsgeschenk;https://theaterverlag-arno-boas.de/stuecke/das-geburtstagsgeschenk;Komödie (Sketch);Für Senioren;Sketch
Das klösterliche Wickelkind;;das-klosterliche-wickelkind;https://theaterverlag-arno-boas.de/stuecke/das-klosterliche-wickelkind;Schwank;Komödie;Abendfüllend
Das Miststück;;das-miststuck;https://theaterverlag-arno-boas.de/stuecke/das-miststuck;Ländliches Lustspiel;Komödie;Abendfüllend
Das verrückte Haus;;das-verruckte-haus;https://theaterverlag-arno-boas.de/stuecke/das-verruckte-haus;Komödie;Komödie;Abendfüllend
Dass ich in den Himmel komm;;dass-ich-in-den-himmel-komm;https://theaterverlag-arno-boas.de/stuecke/dass-ich-in-den-himmel-komm;Lustspiel;Komödie;Abendfüllend
Der (fast) vergessene Weihnachtsengel;;der-fast-vergessene-weihnachtsengel;https://theaterverlag-arno-boas.de/stuecke/der-fast-vergessene-weihnachtsengel;Einakter;Komödie, Für Jugendliche, Weihnachten;Einakter
Der 31. November;;der-31-november;https://theaterverlag-arno-boas.de/stuecke/der-31-november;Komödie;Komödie;Abendfüllend
Der Aufstieg;;der-aufstieg;https://theaterverlag-arno-boas.de/stuecke/der-aufstieg;Komödie um eine missglückte Bergwanderung;Komödie;Abendfüllend
Der doppelte Onkel;;der-doppelte-onkel;https://theaterverlag-arno-boas.de/stuecke/der-doppelte-onkel;Schwank (Einakter);Komödie;Einakter
Der Ehrendoktorhut;;der-ehrendoktorhut;https://theaterverlag-arno-boas.de/stuecke/der-ehrendoktorhut;Komödie über den provinziellen Ehrenkäs;Komödie;Abendfüllend
Der Erbschaftsjodler;;der-erbschaftsjodler;https://theaterverlag-arno-boas.de/stuecke/der-erbschaftsjodler;Schwank;Komödie;Abendfüllend
Der Erlebnisbericht;;der-erlebnisbericht;https://theaterverlag-arno-boas.de/stuecke/der-erlebnisbericht;Komödie (Einakter);Komödie;Einakter
Der Experte;;der-experte;https://theaterverlag-arno-boas.de/stuecke/der-experte;Komödie;Komödie;Abendfüllend
Der Frosch-König oder Wenn's Handy in den Brunnen fällt;;der-frosch-konig-oder-wenns-handy-in-den-brunnen-fallt;https://theaterverlag-arno-boas.de/stuecke/der-frosch-konig-oder-wenns-handy-in-den-brunnen-fallt;Modernes Märchen (Einakter);Für Jugendliche;Einakter
Der glückliche Hans;;der-gluckliche-hans;https://theaterverlag-arno-boas.de/stuecke/der-gluckliche-hans;Parabel für Kinder (Einakter);Für Jugendliche, Märchen;Einakter
Der große Coup von Wickenham;;der-grose-coup-von-wickenham;https://theaterverlag-arno-boas.de/stuecke/der-grose-coup-von-wickenham;Westernkomödie;Komödie;Abendfüllend
Der Hansibub;;der-hansibub;https://theaterverlag-arno-boas.de/stuecke/der-hansibub;Komödie;Komödie;Abendfüllend
Der Hecht im Karpfenteich;;der-hecht-im-karpfenteich;https://theaterverlag-arno-boas.de/stuecke/der-hecht-im-karpfenteich;Komödie;Komödie;Abendfüllend
Der Held der Kieselsteine;;der-held-der-kieselsteine;https://theaterverlag-arno-boas.de/stuecke/der-held-der-kieselsteine;Jugendtheaterstück;Für Jugendliche;Abendfüllend
Der Herr liebt auch die kleinen Boxer;;der-herr-liebt-auch-die-kleinen-boxer;https://theaterverlag-arno-boas.de/stuecke/der-herr-liebt-auch-die-kleinen-boxer;Lustspiel von Jochen Wiltschko;Komödie;Abendfüllend
Der Hexenschuss;;der-hexenschuss;https://theaterverlag-arno-boas.de/stuecke/der-hexenschuss;Komödie;Komödie;Abendfüllend
Der Jubiläums-Zinnober;;der-jubilaums-zinnober;https://theaterverlag-arno-boas.de/stuecke/der-jubilaums-zinnober;Lustspiel;Komödie;Abendfüllend
Der Lenz, der Bengel;;der-lenz-der-bengel;https://theaterverlag-arno-boas.de/stuecke/der-lenz-der-bengel;Komödie aus einer fränkisch-hochdeutschen Mischehe;Komödie;Abendfüllend
Der letzte Schrei;;der-letzte-schrei;https://theaterverlag-arno-boas.de/stuecke/der-letzte-schrei;Krimi-Komödie;Komödie, Krimi, Krimikomödie;Abendfüllend
Der letzte Spießer;;der-letzte-spieser;https://theaterverlag-arno-boas.de/stuecke/der-letzte-spieser;Komödie;Komödie;Abendfüllend
Der letzte Tag;;der-letzte-tag;https://theaterverlag-arno-boas.de/stuecke/der-letzte-tag;Komödie über den letzten Arbeitstag, der fast im Chaos endet;Komödie;Abendfüllend
Der letzte Vorhang;;der-letzte-vorhang;https://theaterverlag-arno-boas.de/stuecke/der-letzte-vorhang;Komödie;Komödie;Abendfüllend
Der liebevolle Friedrich;;der-liebevolle-friedrich;https://theaterverlag-arno-boas.de/stuecke/der-liebevolle-friedrich;Komödie (Sketch);Für Senioren;Sketch
Der Machtkampf;;der-machtkampf;https://theaterverlag-arno-boas.de/stuecke/der-machtkampf;Lustspiel;Komödie;Abendfüllend
Der Meisterfotograf;;der-meisterfotograf;https://theaterverlag-arno-boas.de/stuecke/der-meisterfotograf;Komödie (Einakter);Komödie;Einakter
Der mit dem King tanzt;;der-mit-dem-king-tanzt;https://theaterverlag-arno-boas.de/stuecke/der-mit-dem-king-tanzt;Komödie über den King of Rock'n'Roll;Komödie;Abendfüllend
Der neue Freund;;der-neue-freund;https://theaterverlag-arno-boas.de/stuecke/der-neue-freund;Komödie (Einakter);Komödie;Einakter
Der Niemandshof;;der-niemandshof;https://theaterverlag-arno-boas.de/stuecke/der-niemandshof;Ländliches Lustspiel;Komödie;Abendfüllend
Der Nächste, bitte;;der-nachste-bitte;https://theaterverlag-arno-boas.de/stuecke/der-nachste-bitte;Komödie;Komödie;Abendfüllend
Der Spürhund von Sankt Anton;;der-spurhund-von-sankt-anton;https://theaterverlag-arno-boas.de/stuecke/der-spurhund-von-sankt-anton;Katholische Krimi-Komödie;Komödie, Krimi, Krimikomödie;Abendfüllend
Der Tod ist auch nur ein Mensch;;der-tod-ist-auch-nur-ein-mensch;https://theaterverlag-arno-boas.de/stuecke/der-tod-ist-auch-nur-ein-mensch;Komödie mit schwarzem Humor über die Liebe, den Tod, aber nicht den Teufel;Komödie;Abendfüllend
Der Traumjob;;der-traumjob;https://theaterverlag-arno-boas.de/stuecke/der-traumjob;Komödie (Sketch);Weihnachten;Sketch
Der verflixte Jungbrunnen;;der-verflixte-jungbrunnen;https://theaterverlag-arno-boas.de/stuecke/der-verflixte-jungbrunnen;Komödie über ein besonderes Elexier;Komödie;Abendfüllend
Der weibliche Zwilling;;der-weibliche-zwilling;https://theaterverlag-arno-boas.de/stuecke/der-weibliche-zwilling;Komödie;Komödie;Abendfüllend
Der Westentaschen-Gigolo;;der-westentaschen-gigolo;https://theaterverlag-arno-boas.de/stuecke/der-westentaschen-gigolo;Komödie;Komödie;Abendfüllend
Die Aischgrund-Cops;;die-aischgrund-cops;https://theaterverlag-arno-boas.de/stuecke/die-aischgrund-cops;Komödie (Einakter);Komödie;Einakter
Die Bänkler;;die-bankler;https://theaterverlag-arno-boas.de/stuecke/die-bankler;Komödie für Senioren (Einakter);Für Senioren;Einakter
Die Dichterlesung;;die-dichterlesung;https://theaterverlag-arno-boas.de/stuecke/die-dichterlesung;Komödie;Komödie;Abendfüllend
Die dicksten Bauern (60 Min.);;die-dicksten-bauern-60-min;https://theaterverlag-arno-boas.de/stuecke/die-dicksten-bauern-60-min;Komödie nach einer alten Volkserzählung (Kurzfassung);Komödie;Abendfüllend
Die dicksten Bauern (95 Min.);;die-dicksten-bauern-95-min;https://theaterverlag-arno-boas.de/stuecke/die-dicksten-bauern-95-min;Komödie nach einer alten Volkserzählung;Komödie;Abendfüllend
Die falsche Erbtante;;die-falsche-erbtante;https://theaterverlag-arno-boas.de/stuecke/die-falsche-erbtante;Schwank;Komödie;Abendfüllend
Die giftige Verwandtschaft;;die-giftige-verwandtschaft;https://theaterverlag-arno-boas.de/stuecke/die-giftige-verwandtschaft;Komödie;Komödie;Abendfüllend
Die junge Mutter;;die-junge-mutter;https://theaterverlag-arno-boas.de/stuecke/die-junge-mutter;Komödie (Sketch);Für Senioren;Sketch
Die Kaffeefahrt;;die-kaffeefahrt;https://theaterverlag-arno-boas.de/stuecke/die-kaffeefahrt;Komödie;Komödie;Abendfüllend
Die Kneipe zur Sanduhr;;die-kneipe-zur-sanduhr;https://theaterverlag-arno-boas.de/stuecke/die-kneipe-zur-sanduhr;Komödie;Komödie;Abendfüllend
Die kunterbunte Wunderkuh;;die-kunterbunte-wunderkuh;https://theaterverlag-arno-boas.de/stuecke/die-kunterbunte-wunderkuh;Schwank;Komödie;Abendfüllend
Die Permanente Frau;;die-permanente-frau;https://theaterverlag-arno-boas.de/stuecke/die-permanente-frau;Komödie (Einakter);Komödie;Einakter
Die Retter der Märchenwelt;;die-retter-der-marchenwelt;https://theaterverlag-arno-boas.de/stuecke/die-retter-der-marchenwelt;Modernes Märchen (Einakter);Für Jugendliche, Märchen;Einakter
Die Schafkopf-Gang und ihr Prophet;;die-schafkopf-gang-und-ihr-prophet;https://theaterverlag-arno-boas.de/stuecke/die-schafkopf-gang-und-ihr-prophet;Komödie über eine außergewöhnliche Begabung;Komödie;Abendfüllend
Die Schneiders-Hochzeit;;die-schneiders-hochzeit;https://theaterverlag-arno-boas.de/stuecke/die-schneiders-hochzeit;Komödie;Komödie;Abendfüllend
Die steinreiche Lumpenbande;;die-steinreiche-lumpenbande;https://theaterverlag-arno-boas.de/stuecke/die-steinreiche-lumpenbande;Krimi-Komödie;Komödie, Krimi, Krimikomödie;Abendfüllend
Die Treibjagd;;die-treibjagd;https://theaterverlag-arno-boas.de/stuecke/die-treibjagd;Tragikomödie für ambitionierte Bühnen;Tragikomödie;Abendfüllend
Die vierte Glocke;;die-vierte-glocke;https://theaterverlag-arno-boas.de/stuecke/die-vierte-glocke;Ländliches Lustspiel;Komödie;Abendfüllend
Die Wahrheit zum Dessert;;die-wahrheit-zum-dessert;https://theaterverlag-arno-boas.de/stuecke/die-wahrheit-zum-dessert;Drama;Drama;Abendfüllend
Die zweite Chance;;die-zweite-chance;https://theaterverlag-arno-boas.de/stuecke/die-zweite-chance;Zumba, Zoff und Zickenkrieg;Für Jugendliche;Abendfüllend
Diebesgut und Spitzenhöschen;;diebesgut-und-spitzenhoeschen;https://theaterverlag-arno-boas.de/stuecke/diebesgut-und-spitzenhoeschen;Gauner-Komödie über einen an sich sympathischen Diamantendieb;Komödie;Abendfüllend
Dinner for Four;;dinner-for-four;https://theaterverlag-arno-boas.de/stuecke/dinner-for-four;Komödie;Komödie;Abendfüllend
Drei Pfund zuviel;;drei-pfund-zuviel;https://theaterverlag-arno-boas.de/stuecke/drei-pfund-zuviel;Komödie (Einakter);Komödie;Einakter
Drei Typen von vorgestern;;drei-typen-von-vorgestern;https://theaterverlag-arno-boas.de/stuecke/drei-typen-von-vorgestern;Zeitübergreifende Komödie;Komödie;Abendfüllend
Drei und drei macht glücklich;;drei-und-drei-macht-glucklich;https://theaterverlag-arno-boas.de/stuecke/drei-und-drei-macht-glucklich;Komödie;Komödie;Abendfüllend
Ein Amt auf Abwegen;;ein-amt-auf-abwegen;https://theaterverlag-arno-boas.de/stuecke/ein-amt-auf-abwegen;Komödie;Komödie;Abendfüllend
Ein Boomerang auf zwei Beinen;;ein-boomerang-auf-zwei-beinen;https://theaterverlag-arno-boas.de/stuecke/ein-boomerang-auf-zwei-beinen;Komödie;Komödie;Abendfüllend
Ein Dorf im Theaterfieber;;ein-dorf-im-theaterfieber;https://theaterverlag-arno-boas.de/stuecke/ein-dorf-im-theaterfieber;Komödie (Einakter);Komödie;Einakter
Ein Paar zuviel;;ein-paar-zuviel;https://theaterverlag-arno-boas.de/stuecke/ein-paar-zuviel;Komödie;Komödie;Abendfüllend
Ein Sommer voller Träume;;ein-sommer-voller-traume;https://theaterverlag-arno-boas.de/stuecke/ein-sommer-voller-traume;Hippie-Komödie mit tragischen Zügen;Komödie, Tragikomödie;Abendfüllend
Ein superbes Mahl;;ein-superbes-mahl;https://theaterverlag-arno-boas.de/stuecke/ein-superbes-mahl;Komödie (Einakter);Komödie;Einakter
Ein Tag und drei Leben;gn-46;gn-46-ein-tag-und-drei-leben;https://theaterverlag-arno-boas.de/stuecke/gn-46-ein-tag-und-drei-leben;Komödie für Freilichtbühnen;Komödie;Abendfüllend
Ein Teppich voller Leichen;;ein-teppich-voller-leichen;https://theaterverlag-arno-boas.de/stuecke/ein-teppich-voller-leichen;Kriminalkomödie;Komödie, Krimi, Krimikomödie;Abendfüllend
Eine Familie steht Kopf;;eine-familie-steht-kopf;https://theaterverlag-arno-boas.de/stuecke/eine-familie-steht-kopf;Komödie;Komödie;Abendfüllend
Eine Frau für Willi;;eine-frau-fur-willi;https://theaterverlag-arno-boas.de/stuecke/eine-frau-fur-willi;Schwank;Komödie;Abendfüllend
Endlich Pause;;endlich-pause;https://theaterverlag-arno-boas.de/stuecke/endlich-pause;Komödie (Einakter);Für Jugendliche;Einakter
Es weihnachtet sehr;;es-weihnachtet-sehr;https://theaterverlag-arno-boas.de/stuecke/es-weihnachtet-sehr;Komödie (Sketch);Weihnachten;Sketch
Fauler Zauber;;fauler-zauber;https://theaterverlag-arno-boas.de/stuecke/fauler-zauber;Eine eso-hyst-erische Komödie;Komödie;Abendfüllend
Faust aufs Auge;;faust-aufs-auge;https://theaterverlag-arno-boas.de/stuecke/faust-aufs-auge;Komödie (Einakter);Für Jugendliche;Einakter
Geist ist geil;;geist-ist-geil;https://theaterverlag-arno-boas.de/stuecke/geist-ist-geil;Komödie über die menschliche Gier;Komödie;Abendfüllend
Geld muss her;;geld-muss-her;https://theaterverlag-arno-boas.de/stuecke/geld-muss-her;Schwank;Komödie;Abendfüllend
Geteiltes Glück ist gar kein Glück;;geteiltes-glueck-ist-gar-kein-glueck;https://theaterverlag-arno-boas.de/stuecke/geteiltes-glueck-ist-gar-kein-glueck;Einakter über eine gute Tat, die nach hinten los geht;Komödie;Einakter
Gibt's im Himmel Kartoffeln? oder De Grumbeerkeenisch vun Ruchem;;gibts-im-himmel-kartoffeln;https://theaterverlag-arno-boas.de/stuecke/gibts-im-himmel-kartoffeln;Himmlisch-höllische Komödie;Komödie;Abendfüllend
Gleichg'macht ganz leichtg'macht;;gleichgmacht-ganz-leichtgmacht;https://theaterverlag-arno-boas.de/stuecke/gleichgmacht-ganz-leichtgmacht;Zeitkritisches ländliches Lustspiel;Komödie;Abendfüllend
Goldregen aus Übersee;;goldregen-aus-ubersee;https://theaterverlag-arno-boas.de/stuecke/goldregen-aus-ubersee;Komödie;Komödie;Abendfüllend
Groß, blond, blauäugig!;;gros-blond-blauaugig;https://theaterverlag-arno-boas.de/stuecke/gros-blond-blauaugig;Komödie (Einakter);Komödie;Einakter
Gründungsfieber;;grundungsfieber;https://theaterverlag-arno-boas.de/stuecke/grundungsfieber;Krimi-Komödie;Komödie, Krimi, Krimikomödie;Abendfüllend
Gut gehext ist halb gewonnen;;gut-gehext-ist-halb-gewonnen;https://theaterverlag-arno-boas.de/stuecke/gut-gehext-ist-halb-gewonnen;Eine Fantasy-Komödie in drei Akten;Komödie, Krimi;Abendfüllend
Hau mich nicht (How mich nett);;hau-mich-nicht-how-mich-nett;https://theaterverlag-arno-boas.de/stuecke/hau-mich-nicht-how-mich-nett;Lustspiel;Komödie;Abendfüllend
Hectors tödliches Vermächtnis;;hectors-toedliches-vermaechtnis;https://theaterverlag-arno-boas.de/stuecke/hectors-toedliches-vermaechtnis;Schwarzhumorige Krimi-Komödie über vier Möchtegern-Killer;Komödie, Krimi, Krimikomödie;Abendfüllend
Heimatfront;;heimatfront;https://theaterverlag-arno-boas.de/stuecke/heimatfront;Drama aus den letzten Kriegstagen;Drama;Abendfüllend
Heiratsfieber;;heiratsfieber;https://theaterverlag-arno-boas.de/stuecke/heiratsfieber;Schwank;Komödie;Abendfüllend
Herr im Haus bin ich;;herr-im-haus-bin-ich;https://theaterverlag-arno-boas.de/stuecke/herr-im-haus-bin-ich;Schwank;Komödie;Abendfüllend
Herr Leopold;;herr-leopold;https://theaterverlag-arno-boas.de/stuecke/herr-leopold;Einakter über den alltäglichen Irrsinn eines Versicherungsvertreters;Komödie;Einakter
Herzlichen Glückwunsch, Julius;;herzlichen-gluckwunsch-julius;https://theaterverlag-arno-boas.de/stuecke/herzlichen-gluckwunsch-julius;Bitterböse Kriminalkomödie;Komödie, Krimi, Krimikomödie;Abendfüllend
Hier ist Eden;;hier-ist-eden;https://theaterverlag-arno-boas.de/stuecke/hier-ist-eden;Einakter;Tragikomödie;Einakter
Hintergrubers Blautanne;;hintergrubers-blautanne;https://theaterverlag-arno-boas.de/stuecke/hintergrubers-blautanne;Komödie (Einakter);Weihnachten;Einakter
Hochzeit mit Leichen im Keller;;hochzeit-mit-leichen-im-keller;https://theaterverlag-arno-boas.de/stuecke/hochzeit-mit-leichen-im-keller;Komödie über eine Hochzeit, die in einem Fiasko endet;Komödie;Abendfüllend
Hotel Sonnenschein: Vollpension mit Stromausfall;;hotel-sonnenschein-vollpension-mit-stromausfall;https://theaterverlag-arno-boas.de/stuecke/hotel-sonnenschein-vollpension-mit-stromausfall;Urlaubs-Komödie;Komödie;Abendfüllend
Höchststrafe: Kurschatten;;hochststrafe-kurschatten;https://theaterverlag-arno-boas.de/stuecke/hochststrafe-kurschatten;Komödie;Komödie;Abendfüllend
Im Himmel trifft man sich wieder;;im-himmel-trifft-man-sich-wieder;https://theaterverlag-arno-boas.de/stuecke/im-himmel-trifft-man-sich-wieder;Historische Komödie aus dem 16. Jahrhundert;Komödie;Abendfüllend
Im Reisebüro;;im-reiseburo;https://theaterverlag-arno-boas.de/stuecke/im-reiseburo;Komödie (Einakter);Komödie;Einakter
Im verrückten Wilden Westen;;im-verruckten-wilden-westen;https://theaterverlag-arno-boas.de/stuecke/im-verruckten-wilden-westen;Western-Komödie;Komödie;Abendfüllend
Immer dasselbe;;immer-dasselbe;https://theaterverlag-arno-boas.de/stuecke/immer-dasselbe;Komödie;Komödie;Abendfüllend
Immer der Ärger mit diesen Lehren;;immer-der-arger-mit-diesen-lehren;https://theaterverlag-arno-boas.de/stuecke/immer-der-arger-mit-diesen-lehren;Komödie (Einakter);Für Jugendliche;Einakter
In der Tür geirrt;;in-der-tur-geirrt;https://theaterverlag-arno-boas.de/stuecke/in-der-tur-geirrt;Einakter über den Wahnsinn bei der Wohnungssuche;Komödie;Einakter
In Schottland sind die Nächte lang;;in-schottland-sind-die-nachte-lang;https://theaterverlag-arno-boas.de/stuecke/in-schottland-sind-die-nachte-lang;Komödie;Komödie;Abendfüllend
Ja, Mama;;ja-mama;https://theaterverlag-arno-boas.de/stuecke/ja-mama;Boulevard-Komödie;Komödie;Abendfüllend
Josef kennt sich nicht mehr aus;;josef-kennt-sich-nicht-mehr-aus;https://theaterverlag-arno-boas.de/stuecke/josef-kennt-sich-nicht-mehr-aus;Turbulenter Bauernschwank;Komödie;Abendfüllend
Kaltgestellt;;kaltgestellt;https://theaterverlag-arno-boas.de/stuecke/kaltgestellt;Tragikomödie, ausgezeichnet mit dem Oskarle;Tragikomödie;Abendfüllend
Katharina und das ewige Leben;;katharina-und-das-ewige-leben;https://theaterverlag-arno-boas.de/stuecke/katharina-und-das-ewige-leben;Himmlisch-höllisches Volksstück;Komödie, Tragikomödie;Abendfüllend
Kaufhaus zum Glück;;kaufhaus-zum-gluck;https://theaterverlag-arno-boas.de/stuecke/kaufhaus-zum-gluck;Komödie;Komödie;Abendfüllend
Killer im Doppelpack;;ein-killer-kommt-selten-allein;https://theaterverlag-arno-boas.de/stuecke/ein-killer-kommt-selten-allein;Schwarzhumorige Krimi-Komödie;Komödie, Krimi, Krimikomödie;Abendfüllend
Kinderwahnsinn;;kinderwahnsinn;https://theaterverlag-arno-boas.de/stuecke/kinderwahnsinn;Komödie (Einakter);Für Jugendliche;Einakter
Lauter Spinner;;lauter-spinner;https://theaterverlag-arno-boas.de/stuecke/lauter-spinner;Zeitkritisches ländliches Lustspiel;Komödie;Abendfüllend
Lied oder Gedicht;;lied-oder-gedicht;https://theaterverlag-arno-boas.de/stuecke/lied-oder-gedicht;Weihnachtskomödie;Weihnachten;Abendfüllend
Mach Dein Testament, Franz;;mach-dein-testament-franz;https://theaterverlag-arno-boas.de/stuecke/mach-dein-testament-franz;Schwank;Komödie;Abendfüllend
Magische Marken;;magische-marken;https://theaterverlag-arno-boas.de/stuecke/magische-marken;Modernes Märchen (Einakter);Für Jugendliche, Märchen;Einakter
Mann in der Mitte;;mann-in-der-mitte;https://theaterverlag-arno-boas.de/stuecke/mann-in-der-mitte;Komödie für Senioren;Komödie, Für Senioren;Abendfüllend
Matroschka;;matroschka;https://theaterverlag-arno-boas.de/stuecke/matroschka;Krimi-Komödie;Komödie, Krimi, Krimikomödie;Abendfüllend
Mein lieber Schwan;;mein-lieber-schwan;https://theaterverlag-arno-boas.de/stuecke/mein-lieber-schwan;Komödie;Komödie;Abendfüllend
Meister Lampe wird vermisst;;meister-lampe-wird-vermisst;https://theaterverlag-arno-boas.de/stuecke/meister-lampe-wird-vermisst;Kindertheaterstück von Klaus Tröbs, angelehnt an die Geschichte von Hase und Igel;Für Jugendliche;Abendfüllend
Millen ze verkaafen (Müllers Mühle);;millen-ze-verkaafen;https://theaterverlag-arno-boas.de/stuecke/millen-ze-verkaafen;Komödie von Christian Lange, in einer luxemburgischen Übersetzung von Georges Neuen;Komödie;Abendfüllend
Minderheitenschutz;;minderheitenschutz;https://theaterverlag-arno-boas.de/stuecke/minderheitenschutz;Visionär-groteske Komödie (Einakter);Tragikomödie;Einakter
Mit Himmelsmacht und Höllenfeuer;;mit-himmelsmacht-und-hollenfeuer;https://theaterverlag-arno-boas.de/stuecke/mit-himmelsmacht-und-hollenfeuer;Komödie;Komödie;Abendfüllend
Mit Ta-Tü-Trara zum Superstar;;mit-ta-tue-trara-zum-superstar;https://theaterverlag-arno-boas.de/stuecke/mit-ta-tue-trara-zum-superstar;Eine Komödie über eine aus dem Ruder laufende Casting-Show;Komödie;Abendfüllend
Mobbing – aber richtig;;mobbing-aber-richtig;https://theaterverlag-arno-boas.de/stuecke/mobbing-aber-richtig;Komödie über den täglichen Bürowahnsinn;Komödie;Abendfüllend
Mord im Moor;;mord-im-moor;https://theaterverlag-arno-boas.de/stuecke/mord-im-moor;Kriminalkomödie;Komödie, Krimi, Krimikomödie;Abendfüllend
Muggebatsche oum Mistbrialouch;;muggebatsche-oum-mistbrialouch;https://theaterverlag-arno-boas.de/stuecke/muggebatsche-oum-mistbrialouch;Zeitkritische Komödie / Lustspiel (Neuauflage);Komödie;Abendfüllend
Müllers Mühle;;mullers-muhle;https://theaterverlag-arno-boas.de/stuecke/mullers-muhle;Komödie;Komödie;Abendfüllend
Nala und die Reifeprüfung;;nala-und-die-reifepruefung;https://theaterverlag-arno-boas.de/stuecke/nala-und-die-reifepruefung;Modernes Märchen;Märchen;Abendfüllend
Netzwerkfehler;;netzwerkfehler;https://theaterverlag-arno-boas.de/stuecke/netzwerkfehler;Jugend-Komödie;Komödie, Für Jugendliche;Abendfüllend
Nidd woahr;;nidd-woahr;https://theaterverlag-arno-boas.de/stuecke/nidd-woahr;Komödie über die Wahrheit, und was wir darunter verstehen;Komödie;Abendfüllend
Nur eine Nummer;;nur-eine-nummer;https://theaterverlag-arno-boas.de/stuecke/nur-eine-nummer;Komödie;Komödie;Abendfüllend
Nussknacker und Compagnie;;nussknacker-und-compagnie;https://theaterverlag-arno-boas.de/stuecke/nussknacker-und-compagnie;Boulevard-Komödie;Komödie;Abendfüllend
Obacht Erbschleicher;;obacht-erbschleicher;https://theaterverlag-arno-boas.de/stuecke/obacht-erbschleicher;Komödie;Komödie;Abendfüllend
Onoldia oder Mein lieber Herr Gesangsverein;;onoldia-oder-mein-lieber-herr-gesangsverein;https://theaterverlag-arno-boas.de/stuecke/onoldia-oder-mein-lieber-herr-gesangsverein;Komödie (Einakter);Komödie;Einakter
Pardon, mein Freund;;pardon-mein-freund;https://theaterverlag-arno-boas.de/stuecke/pardon-mein-freund;Komödie;Komödie;Abendfüllend
Pension Rhönblick;;pension-rhonblick;https://theaterverlag-arno-boas.de/stuecke/pension-rhonblick;Komödie;Komödie, Krimi;Abendfüllend
Pfingsten kann sehr lang sein;;pfingsten-kann-sehr-lang-sein;https://theaterverlag-arno-boas.de/stuecke/pfingsten-kann-sehr-lang-sein;Komödie (Einakter);Komödie;Einakter
Pia allein zuhaus;;pia-allein-zuhaus;https://theaterverlag-arno-boas.de/stuecke/pia-allein-zuhaus;Weihnachtskomödie;Weihnachten;Abendfüllend
Pizza vs. Lerberkäs;;pizza-vs-lerberkas;https://theaterverlag-arno-boas.de/stuecke/pizza-vs-lerberkas;Eine deutsch-italienische Komödie;Komödie;Abendfüllend
Radio MuK;;radio-muk;https://theaterverlag-arno-boas.de/stuecke/radio-muk;oder der mediale Kampf ums Überleben;Komödie;Abendfüllend
Rechts vor Links(?);;rechts-vor-links;https://theaterverlag-arno-boas.de/stuecke/rechts-vor-links;Zeitkritische Komödie (Einakter);Tragikomödie;Einakter
Reif für die Insel;;reif-fur-die-insel;https://theaterverlag-arno-boas.de/stuecke/reif-fur-die-insel;Komödie (Einakter);Komödie;Einakter
Reise nach Jerusalem;;reise-nach-jerusalem;https://theaterverlag-arno-boas.de/stuecke/reise-nach-jerusalem;Boulevard-Komödie;Komödie;Abendfüllend
Rosa gibt nicht auf;;rosa-gibt-nicht-auf;https://theaterverlag-arno-boas.de/stuecke/rosa-gibt-nicht-auf;Komödie für Senioren (Einakter);Für Senioren;Einakter
Räuber im Rock;;rauber-im-rock;https://theaterverlag-arno-boas.de/stuecke/rauber-im-rock;Komödie;Komödie;Abendfüllend
Saustall beim Amtsgericht;;saustall-beim-amtsgericht;https://theaterverlag-arno-boas.de/stuecke/saustall-beim-amtsgericht;Gerichts-Komödie;Komödie, Krimi;Abendfüllend
Scheinheiligkeit hat einen Namen;;scheinheiligkeit-hat-einen-namen;https://theaterverlag-arno-boas.de/stuecke/scheinheiligkeit-hat-einen-namen;Lustspiel;Komödie;Abendfüllend
Schicksalsschläge;;schicksalsschlage;https://theaterverlag-arno-boas.de/stuecke/schicksalsschlage;Komödie;Komödie;Abendfüllend
Schwarzer Blitz und roter Hahn;;schwarzer-blitz-und-roter-hahn;https://theaterverlag-arno-boas.de/stuecke/schwarzer-blitz-und-roter-hahn;Kirchlich-kommunistische Komödie;Komödie;Abendfüllend
Showdown im Park;;showdown-im-park;https://theaterverlag-arno-boas.de/stuecke/showdown-im-park;Satirische Kriminalkomödie;Komödie, Krimi, Krimikomödie;Abendfüllend
Sicher ist sicher;;sicher-ist-sicher;https://theaterverlag-arno-boas.de/stuecke/sicher-ist-sicher;Krimi-Komödie (Einakter);Krimi, Krimikomödie;Einakter
Silvestergeister;;silvestergeister;https://theaterverlag-arno-boas.de/stuecke/silvestergeister;Komödie;Komödie;Abendfüllend
So ein Durcheinander;;so-ein-durcheinander;https://theaterverlag-arno-boas.de/stuecke/so-ein-durcheinander;Schwank;Komödie;Abendfüllend
So ein Sauhaufen;;so-ein-sauhaufen;https://theaterverlag-arno-boas.de/stuecke/so-ein-sauhaufen;Tierische Komödie;Komödie;Abendfüllend
Spinatulus Wachtulus;;spinatulus-wachtulus;https://theaterverlag-arno-boas.de/stuecke/spinatulus-wachtulus;Komödie;Komödie;Abendfüllend
Stadtführung;;stadtfuhrung;https://theaterverlag-arno-boas.de/stuecke/stadtfuhrung;Komödie;Komödie;Abendfüllend
Super-Kollege Schmitt;;super-kollege-schmitt;https://theaterverlag-arno-boas.de/stuecke/super-kollege-schmitt;Komödie (Einakter, Spieldauer ca. 60 Min.);Komödie;Einakter
Tee oder Kaffee;;tee-oder-kaffee;https://theaterverlag-arno-boas.de/stuecke/tee-oder-kaffee;Komödie über (Text)probleme bei einer Theaterprobe;Komödie;Abendfüllend
Topf und Deckel;;topf-und-deckel;https://theaterverlag-arno-boas.de/stuecke/topf-und-deckel;Komödie;Komödie;Abendfüllend
Tradition;;tradition;https://theaterverlag-arno-boas.de/stuecke/tradition;Komödie (Sketch);Weihnachten;Sketch
und dess am hellichten Dooch;;und-dess-am-hellichten-dooch;https://theaterverlag-arno-boas.de/stuecke/und-dess-am-hellichten-dooch;Komödie;Komödie;Abendfüllend
Unsere Freundin Ingrid;;unsere-freundin-ingrid;https://theaterverlag-arno-boas.de/stuecke/unsere-freundin-ingrid;Komödie;Komödie;Abendfüllend
Unter Schwestern;;unter-schwestern;https://theaterverlag-arno-boas.de/stuecke/unter-schwestern;Komödie über eine Erbschaft und deren unerwartete Folgen;Komödie;Abendfüllend
Verflixt, verhext, verzaubert;;verflixt-verhext-verzaubert;https://theaterverlag-arno-boas.de/stuecke/verflixt-verhext-verzaubert;Modernes Märchen;Komödie, Märchen;Abendfüllend
Vernagelt und verbohrt;;vernagelt-und-verbohrt;https://theaterverlag-arno-boas.de/stuecke/vernagelt-und-verbohrt;;Komödie;Abendfüllend
Vier Hammel auf Brautschau;;vier-hammel-auf-brautschau;https://theaterverlag-arno-boas.de/stuecke/vier-hammel-auf-brautschau;Lustspiel;Komödie;Abendfüllend
Vollgas für die Kranken;;vollgas-fuer-die-kranken;https://theaterverlag-arno-boas.de/stuecke/vollgas-fuer-die-kranken;Eine ärztliche Komödie;Komödie;Abendfüllend
Vor dem großen Auftritt;;vor-dem-grosen-auftritt;https://theaterverlag-arno-boas.de/stuecke/vor-dem-grosen-auftritt;Komödie;Komödie;Abendfüllend
Vorsicht Tango;;vorsicht-tango;https://theaterverlag-arno-boas.de/stuecke/vorsicht-tango;Spätsommerliche Romanze (Einakter);Für Senioren;Einakter
Wartezimmer-Gschmarri;;wartezimmer-gschmarri;https://theaterverlag-arno-boas.de/stuecke/wartezimmer-gschmarri;Komödie (Einakter);Komödie;Einakter
Wartezimmer-Gschmarri II;;wartezimmer-gschmarri-ii;https://theaterverlag-arno-boas.de/stuecke/wartezimmer-gschmarri-ii;Komödie (Einakter);Komödie;Einakter
Was denn nun: Sein oder Schein;;was-denn-nun-sein-oder-schein;https://theaterverlag-arno-boas.de/stuecke/was-denn-nun-sein-oder-schein;Komödie (Einakter);Komödie;Einakter
Weihnachtsüberraschung Tante Anna;;weihnachtsuberraschung-tante-anna;https://theaterverlag-arno-boas.de/stuecke/weihnachtsuberraschung-tante-anna;Lustspiel;Komödie;Abendfüllend
Wellness now;;wellness-now;https://theaterverlag-arno-boas.de/stuecke/wellness-now;Komödie;Komödie;Abendfüllend
Wenn erst einmal die schönen Blüten blühen;;wenn-erst-einmal-die-schonen-bluten-bluhen;https://theaterverlag-arno-boas.de/stuecke/wenn-erst-einmal-die-schonen-bluten-bluhen;Boulevard-Komödie mit Krimi-Touch;Komödie, Krimi;Abendfüllend
Wer berühmt sein will, muss sterben;;wer-beruhmt-sein-will-muss-sterben;https://theaterverlag-arno-boas.de/stuecke/wer-beruhmt-sein-will-muss-sterben;Komödie;Komödie;Abendfüllend
Wer küsst die Braut?;;wer-kusst-die-braut;https://theaterverlag-arno-boas.de/stuecke/wer-kusst-die-braut;Komödie;Komödie;Abendfüllend
Wie verhext;;wie-verhext;https://theaterverlag-arno-boas.de/stuecke/wie-verhext;Märchen (Einakter);Für Jugendliche, Märchen;Einakter
Willkommen im Glubb;;willkommen-im-club;https://theaterverlag-arno-boas.de/stuecke/willkommen-im-club;Komödie (Einakter) für FC Nürnberg-Fans;Komödie;Einakter
Zuckerguss und Kräuterkekse;gn-59;gn-59-zuckerguss-und-krauterkekse;https://theaterverlag-arno-boas.de/stuecke/gn-59-zuckerguss-und-krauterkekse;Komödie;Komödie;Abendfüllend
Zum Teufel mit der Familie;;familie-fuer-fortgeschrittene;https://theaterverlag-arno-boas.de/stuecke/familie-fuer-fortgeschrittene;Komödie über den ganz normalen Familienwahnsinn;Komödie;Abendfüllend
Zwei im selben Boot;;zwei-im-selben-boot;https://theaterverlag-arno-boas.de/stuecke/zwei-im-selben-boot;Komödie;Komödie;Abendfüllend
Zwei verschwiegene Töchter;;zwei-verschwiegene-tochter;https://theaterverlag-arno-boas.de/stuecke/zwei-verschwiegene-tochter;Komödie (Einakter);Komödie;Einakter
Öchsle;;ochsle;https://theaterverlag-arno-boas.de/stuecke/ochsle;Historische Komödie aus dem 17. Jahrhundert;Komödie;Abendfüllend
Üb immer Treu und Redlichkeit;;ub-immer-treu-und-redlichkeit;https://theaterverlag-arno-boas.de/stuecke/ub-immer-treu-und-redlichkeit;Einakter von Christian Lange;Komödie;Einakter
